{
  "meta": {
    "charset_label": "ascii_letters_only",
    "font_name": "DejaVuSansMono-Bold.ttf",
    "font_path": "/Users/namilkim/Desktop/NAMIL/ECOLE POLYTECHNIQUE/M2_Class/CSC_51073_EP_Image_Analysis/project/txture/data/fonts/DejaVuSansMono-Bold.ttf",
    "font_size": 16,
    "canvas_size": 32,
    "threshold": 200,
    "chars_count": 52,
    "created_at": "2025-11-12T08:37:37.626077"
  },
  "metrics": {
    "A": 0.064453125,
    "B": 0.0712890625,
    "C": 0.05078125,
    "D": 0.07421875,
    "E": 0.0625,
    "F": 0.0546875,
    "G": 0.0634765625,
    "H": 0.07421875,
    "I": 0.0546875,
    "J": 0.0498046875,
    "K": 0.072265625,
    "L": 0.044921875,
    "M": 0.08203125,
    "N": 0.0751953125,
    "O": 0.0693359375,
    "P": 0.0615234375,
    "Q": 0.0751953125,
    "R": 0.0751953125,
    "S": 0.0595703125,
    "T": 0.046875,
    "U": 0.0625,
    "V": 0.0625,
    "W": 0.083984375,
    "X": 0.0634765625,
    "Y": 0.05078125,
    "Z": 0.056640625,
    "a": 0.0595703125,
    "b": 0.0673828125,
    "c": 0.0439453125,
    "d": 0.068359375,
    "e": 0.056640625,
    "f": 0.0498046875,
    "g": 0.0751953125,
    "h": 0.064453125,
    "i": 0.05078125,
    "j": 0.052734375,
    "k": 0.0595703125,
    "l": 0.0458984375,
    "m": 0.06640625,
    "n": 0.0556640625,
    "o": 0.0517578125,
    "p": 0.0673828125,
    "q": 0.0673828125,
    "r": 0.03515625,
    "s": 0.046875,
    "t": 0.046875,
    "u": 0.056640625,
    "v": 0.046875,
    "w": 0.060546875,
    "x": 0.046875,
    "y": 0.0546875,
    "z": 0.0458984375
  },
  "ramp": [
    "r",
    "c",
    "L",
    "l",
    "z",
    "T",
    "s",
    "t",
    "v",
    "x",
    "J",
    "f",
    "C",
    "Y",
    "i",
    "o",
    "j",
    "F",
    "I",
    "y",
    "n",
    "Z",
    "e",
    "u",
    "S",
    "a",
    "k",
    "w",
    "P",
    "E",
    "U",
    "V",
    "G",
    "X",
    "A",
    "h",
    "m",
    "b",
    "p",
    "q",
    "d",
    "O",
    "B",
    "K",
    "D",
    "H",
    "N",
    "Q",
    "R",
    "g",
    "M",
    "W"
  ],
  "lut": [
    "r",
    "r",
    "r",
    "r",
    "r",
    "c",
    "c",
    "c",
    "c",
    "c",
    "L",
    "L",
    "L",
    "L",
    "L",
    "l",
    "l",
    "l",
    "l",
    "l",
    "z",
    "z",
    "z",
    "z",
    "z",
    "T",
    "T",
    "T",
    "T",
    "T",
    "s",
    "s",
    "s",
    "s",
    "s",
    "t",
    "t",
    "t",
    "t",
    "t",
    "v",
    "v",
    "v",
    "v",
    "v",
    "x",
    "x",
    "x",
    "x",
    "x",
    "J",
    "J",
    "J",
    "J",
    "J",
    "f",
    "f",
    "f",
    "f",
    "f",
    "C",
    "C",
    "C",
    "C",
    "C",
    "Y",
    "Y",
    "Y",
    "Y",
    "Y",
    "i",
    "i",
    "i",
    "i",
    "i",
    "o",
    "o",
    "o",
    "o",
    "o",
    "j",
    "j",
    "j",
    "j",
    "j",
    "F",
    "F",
    "F",
    "F",
    "F",
    "I",
    "I",
    "I",
    "I",
    "I",
    "y",
    "y",
    "y",
    "y",
    "y",
    "n",
    "n",
    "n",
    "n",
    "n",
    "Z",
    "Z",
    "Z",
    "Z",
    "Z",
    "e",
    "e",
    "e",
    "e",
    "e",
    "u",
    "u",
    "u",
    "u",
    "u",
    "S",
    "S",
    "S",
    "S",
    "S",
    "a",
    "a",
    "a",
    "a",
    "a",
    "k",
    "k",
    "k",
    "k",
    "k",
    "w",
    "w",
    "w",
    "w",
    "w",
    "P",
    "P",
    "P",
    "P",
    "P",
    "E",
    "E",
    "E",
    "E",
    "E",
    "U",
    "U",
    "U",
    "U",
    "U",
    "V",
    "V",
    "V",
    "V",
    "V",
    "G",
    "G",
    "G",
    "G",
    "G",
    "X",
    "X",
    "X",
    "X",
    "X",
    "A",
    "A",
    "A",
    "A",
    "A",
    "h",
    "h",
    "h",
    "h",
    "h",
    "m",
    "m",
    "m",
    "m",
    "m",
    "b",
    "b",
    "b",
    "b",
    "b",
    "p",
    "p",
    "p",
    "p",
    "p",
    "q",
    "q",
    "q",
    "q",
    "q",
    "d",
    "d",
    "d",
    "d",
    "d",
    "O",
    "O",
    "O",
    "O",
    "O",
    "B",
    "B",
    "B",
    "B",
    "B",
    "K",
    "K",
    "K",
    "K",
    "K",
    "D",
    "D",
    "D",
    "D",
    "D",
    "H",
    "H",
    "H",
    "H",
    "H",
    "N",
    "N",
    "N",
    "N",
    "N",
    "Q",
    "Q",
    "Q",
    "Q",
    "Q",
    "R",
    "R",
    "R",
    "R",
    "R",
    "g",
    "g",
    "g",
    "g",
    "g",
    "M",
    "M",
    "M",
    "M",
    "M",
    "W"
  ]
}
