{
  "meta": {
    "charset_label": "ascii_all",
    "font_name": "DejaVuSansMono-Bold.ttf",
    "font_path": "/Users/namilkim/Desktop/NAMIL/ECOLE POLYTECHNIQUE/M2_Class/CSC_51073_EP_Image_Analysis/project/txture/data/fonts/DejaVuSansMono-Bold.ttf",
    "font_size": 16,
    "canvas_size": 32,
    "threshold": 200,
    "chars_count": 95,
    "created_at": "2025-11-12T08:32:55.006199"
  },
  "metrics": {
    " ": 0.0,
    "!": 0.0263671875,
    "\"": 0.015625,
    "#": 0.072265625,
    "$": 0.0654296875,
    "%": 0.0498046875,
    "&": 0.0703125,
    "'": 0.0078125,
    "(": 0.037109375,
    ")": 0.037109375,
    "*": 0.033203125,
    "+": 0.029296875,
    ",": 0.013671875,
    "-": 0.01171875,
    ".": 0.0087890625,
    "/": 0.02734375,
    "0": 0.0703125,
    "1": 0.052734375,
    "2": 0.052734375,
    "3": 0.05859375,
    "4": 0.056640625,
    "5": 0.0615234375,
    "6": 0.0654296875,
    "7": 0.0439453125,
    "8": 0.06640625,
    "9": 0.068359375,
    ":": 0.017578125,
    ";": 0.0224609375,
    "<": 0.03515625,
    "=": 0.03515625,
    ">": 0.03515625,
    "?": 0.0380859375,
    "@": 0.0791015625,
    "A": 0.064453125,
    "B": 0.0712890625,
    "C": 0.05078125,
    "D": 0.07421875,
    "E": 0.0625,
    "F": 0.0546875,
    "G": 0.0634765625,
    "H": 0.07421875,
    "I": 0.0546875,
    "J": 0.0498046875,
    "K": 0.072265625,
    "L": 0.044921875,
    "M": 0.08203125,
    "N": 0.0751953125,
    "O": 0.0693359375,
    "P": 0.0615234375,
    "Q": 0.0751953125,
    "R": 0.0751953125,
    "S": 0.0595703125,
    "T": 0.046875,
    "U": 0.0625,
    "V": 0.0625,
    "W": 0.083984375,
    "X": 0.0634765625,
    "Y": 0.05078125,
    "Z": 0.056640625,
    "[": 0.044921875,
    "\\": 0.0283203125,
    "]": 0.044921875,
    "^": 0.01953125,
    "_": 0.0,
    "`": 0.005859375,
    "a": 0.0595703125,
    "b": 0.0673828125,
    "c": 0.0439453125,
    "d": 0.068359375,
    "e": 0.056640625,
    "f": 0.0498046875,
    "g": 0.0751953125,
    "h": 0.064453125,
    "i": 0.05078125,
    "j": 0.052734375,
    "k": 0.0595703125,
    "l": 0.0458984375,
    "m": 0.06640625,
    "n": 0.0556640625,
    "o": 0.0517578125,
    "p": 0.0673828125,
    "q": 0.0673828125,
    "r": 0.03515625,
    "s": 0.046875,
    "t": 0.046875,
    "u": 0.056640625,
    "v": 0.046875,
    "w": 0.060546875,
    "x": 0.046875,
    "y": 0.0546875,
    "z": 0.0458984375,
    "{": 0.04296875,
    "|": 0.03125,
    "}": 0.0478515625,
    "~": 0.021484375
  },
  "ramp": [
    " ",
    "_",
    "`",
    "'",
    ".",
    "-",
    ",",
    "\"",
    ":",
    "^",
    "~",
    ";",
    "!",
    "/",
    "\\",
    "+",
    "|",
    "*",
    "<",
    "=",
    ">",
    "r",
    "(",
    ")",
    "?",
    "{",
    "7",
    "c",
    "L",
    "[",
    "]",
    "l",
    "z",
    "T",
    "s",
    "t",
    "v",
    "x",
    "}",
    "%",
    "J",
    "f",
    "C",
    "Y",
    "i",
    "o",
    "1",
    "2",
    "j",
    "F",
    "I",
    "y",
    "n",
    "4",
    "Z",
    "e",
    "u",
    "3",
    "S",
    "a",
    "k",
    "w",
    "5",
    "P",
    "E",
    "U",
    "V",
    "G",
    "X",
    "A",
    "h",
    "$",
    "6",
    "8",
    "m",
    "b",
    "p",
    "q",
    "9",
    "d",
    "O",
    "&",
    "0",
    "B",
    "#",
    "K",
    "D",
    "H",
    "N",
    "Q",
    "R",
    "g",
    "@",
    "M",
    "W"
  ],
  "lut": [
    " ",
    " ",
    " ",
    "_",
    "_",
    "_",
    "`",
    "`",
    "`",
    "'",
    "'",
    ".",
    ".",
    ".",
    "-",
    "-",
    "-",
    ",",
    ",",
    "\"",
    "\"",
    "\"",
    ":",
    ":",
    ":",
    "^",
    "^",
    "^",
    "~",
    "~",
    ";",
    ";",
    ";",
    "!",
    "!",
    "!",
    "/",
    "/",
    "\\",
    "\\",
    "\\",
    "+",
    "+",
    "+",
    "|",
    "|",
    "|",
    "*",
    "*",
    "<",
    "<",
    "<",
    "=",
    "=",
    "=",
    ">",
    ">",
    "r",
    "r",
    "r",
    "(",
    "(",
    "(",
    ")",
    ")",
    ")",
    "?",
    "?",
    "{",
    "{",
    "{",
    "7",
    "7",
    "7",
    "c",
    "c",
    "L",
    "L",
    "L",
    "[",
    "[",
    "[",
    "]",
    "]",
    "]",
    "l",
    "l",
    "z",
    "z",
    "z",
    "T",
    "T",
    "T",
    "s",
    "s",
    "t",
    "t",
    "t",
    "v",
    "v",
    "v",
    "x",
    "x",
    "x",
    "}",
    "}",
    "%",
    "%",
    "%",
    "J",
    "J",
    "J",
    "f",
    "f",
    "C",
    "C",
    "C",
    "Y",
    "Y",
    "Y",
    "i",
    "i",
    "i",
    "o",
    "o",
    "1",
    "1",
    "1",
    "2",
    "2",
    "2",
    "j",
    "j",
    "F",
    "F",
    "F",
    "I",
    "I",
    "I",
    "y",
    "y",
    "y",
    "n",
    "n",
    "4",
    "4",
    "4",
    "Z",
    "Z",
    "Z",
    "e",
    "e",
    "u",
    "u",
    "u",
    "3",
    "3",
    "3",
    "S",
    "S",
    "S",
    "a",
    "a",
    "k",
    "k",
    "k",
    "w",
    "w",
    "w",
    "5",
    "5",
    "P",
    "P",
    "P",
    "E",
    "E",
    "E",
    "U",
    "U",
    "U",
    "V",
    "V",
    "G",
    "G",
    "G",
    "X",
    "X",
    "X",
    "A",
    "A",
    "h",
    "h",
    "h",
    "$",
    "$",
    "$",
    "6",
    "6",
    "6",
    "8",
    "8",
    "m",
    "m",
    "m",
    "b",
    "b",
    "b",
    "p",
    "p",
    "q",
    "q",
    "q",
    "9",
    "9",
    "9",
    "d",
    "d",
    "d",
    "O",
    "O",
    "&",
    "&",
    "&",
    "0",
    "0",
    "0",
    "B",
    "B",
    "#",
    "#",
    "#",
    "K",
    "K",
    "K",
    "D",
    "D",
    "D",
    "H",
    "H",
    "N",
    "N",
    "N",
    "Q",
    "Q",
    "Q",
    "R",
    "R",
    "g",
    "g",
    "g",
    "@",
    "@",
    "@",
    "M",
    "M",
    "W"
  ]
}
